{"cameraMode":{"drawMode":0,"name":"Shaded","section":"Shading Mode"},"sceneLighting":true,"audioPlay":false,"sceneViewState":{"showFog":true,"showMaterialUpdate":false,"showSkybox":true,"showFlares":true,"showImageEffects":true,"showParticleSystems":true},"in2DMode":false,"pivot":{"x":-18.24099349975586,"y":-15.991971969604493,"z":-11.213237762451172},"rotation":{"x":-0.1786748170852661,"y":0.7364028096199036,"z":-0.21337081491947175,"w":-0.6166515350341797},"size":51.061241149902347,"orthographic":false}