{"cameraMode":{"drawMode":0,"name":"Shaded","section":"Shading Mode"},"sceneLighting":false,"audioPlay":false,"sceneViewState":{"showFog":true,"showMaterialUpdate":false,"showSkybox":true,"showFlares":true,"showImageEffects":true,"showParticleSystems":true},"in2DMode":false,"pivot":{"x":587.2462768554688,"y":193.15476989746095,"z":7.1204833984375},"rotation":{"x":0.1286114752292633,"y":0.03156548738479614,"z":-0.004090399947017431,"w":0.9911841750144959},"size":149.3409423828125,"orthographic":false}