{"cameraMode":{"drawMode":0,"name":"Shaded","section":"Shading Mode"},"sceneLighting":true,"audioPlay":false,"sceneViewState":{"showFog":true,"showMaterialUpdate":false,"showSkybox":true,"showFlares":true,"showImageEffects":true,"showParticleSystems":true},"in2DMode":false,"pivot":{"x":420.6440124511719,"y":61.210391998291019,"z":-34.80730438232422},"rotation":{"x":0.03600513935089111,"y":-0.03413594141602516,"z":0.0012357018422335387,"w":0.9987676739692688},"size":38.57490158081055,"orthographic":false}