{"cameraMode":{"drawMode":0,"name":"Shaded","section":"Shading Mode"},"sceneLighting":false,"audioPlay":false,"sceneViewState":{"showFog":true,"showMaterialUpdate":false,"showSkybox":true,"showFlares":true,"showImageEffects":true,"showParticleSystems":true},"in2DMode":false,"pivot":{"x":36.400001525878909,"y":7.190000057220459,"z":0.0},"rotation":{"x":0.1449126899242401,"y":0.05340109393000603,"z":-0.007832816801965237,"w":0.987971305847168},"size":19.73443603515625,"orthographic":false}