{"cameraMode":{"drawMode":0,"name":"Shaded","section":"Shading Mode"},"sceneLighting":false,"audioPlay":false,"sceneViewState":{"showFog":true,"showMaterialUpdate":false,"showSkybox":true,"showFlares":true,"showImageEffects":true,"showParticleSystems":true},"in2DMode":false,"pivot":{"x":-2.180558204650879,"y":5.130814552307129,"z":17.270809173583986},"rotation":{"x":-0.015776457265019418,"y":-0.9841688275337219,"z":0.12953931093215943,"w":-0.11992704123258591},"size":0.000057235301937907934,"orthographic":false}