{"cameraMode":{"drawMode":0,"name":"Shaded","section":"Shading Mode"},"sceneLighting":true,"audioPlay":false,"sceneViewState":{"showFog":true,"showMaterialUpdate":false,"showSkybox":true,"showFlares":true,"showImageEffects":true,"showParticleSystems":true},"in2DMode":false,"pivot":{"x":0.52815842628479,"y":4.540816783905029,"z":1.0296707153320313},"rotation":{"x":0.07656452059745789,"y":0.013458901084959507,"z":-0.0010333715472370387,"w":0.9969732761383057},"size":22.0,"orthographic":false}