{"cameraMode":{"drawMode":0,"name":"Shaded","section":"Shading Mode"},"sceneLighting":false,"audioPlay":false,"sceneViewState":{"showFog":true,"showMaterialUpdate":false,"showSkybox":true,"showFlares":true,"showImageEffects":true,"showParticleSystems":true},"in2DMode":false,"pivot":{"x":2.4111597537994386,"y":4.5074849128723148,"z":-12.357937812805176},"rotation":{"x":0.15745574235916139,"y":0.12110394984483719,"z":-0.019464462995529176,"w":0.9798789024353027},"size":4.950000286102295,"orthographic":false}