{"cameraMode":{"drawMode":0,"name":"Shaded","section":"Shading Mode"},"sceneLighting":false,"audioPlay":false,"sceneViewState":{"showFog":true,"showMaterialUpdate":false,"showSkybox":true,"showFlares":true,"showImageEffects":true,"showParticleSystems":true},"in2DMode":false,"pivot":{"x":1.1968905925750733,"y":0.6050804853439331,"z":0.35790157318115237},"rotation":{"x":0.1289667934179306,"y":0.001454958925023675,"z":-0.00019357484416104853,"w":0.9916478395462036},"size":4.950000286102295,"orthographic":false}