{"cameraMode":{"drawMode":0,"name":"Shaded","section":"Shading Mode"},"sceneLighting":false,"audioPlay":false,"sceneViewState":{"showFog":true,"showMaterialUpdate":false,"showSkybox":true,"showFlares":true,"showImageEffects":true,"showParticleSystems":true},"in2DMode":false,"pivot":{"x":0.000012466145562939346,"y":-0.000013340928489924408,"z":-0.00001268115738639608},"rotation":{"x":0.34044259786605837,"y":0.21313653886318208,"z":-0.07953274250030518,"w":0.912330150604248},"size":0.00005715767838410102,"orthographic":false}