{"cameraMode":{"drawMode":0,"name":"Shaded","section":"Shading Mode"},"sceneLighting":false,"audioPlay":false,"sceneViewState":{"showFog":true,"showMaterialUpdate":false,"showSkybox":true,"showFlares":true,"showImageEffects":true,"showParticleSystems":true},"in2DMode":false,"pivot":{"x":-0.000020845822291448712,"y":-0.000011186138181074057,"z":-0.000006640973879257217},"rotation":{"x":0.11707548797130585,"y":-0.2127784788608551,"z":0.02568928524851799,"w":0.9697209596633911},"size":0.00005715767838410102,"orthographic":false}