{"cameraMode":{"drawMode":0,"name":"Shaded","section":"Shading Mode"},"sceneLighting":true,"audioPlay":false,"sceneViewState":{"showFog":true,"showMaterialUpdate":false,"showSkybox":true,"showFlares":true,"showImageEffects":true,"showParticleSystems":true},"in2DMode":false,"pivot":{"x":-32.43844985961914,"y":12.02797794342041,"z":-6.835240364074707},"rotation":{"x":0.20250244438648225,"y":-0.5249825716018677,"z":0.13022679090499879,"w":0.8163498640060425},"size":6.951491355895996,"orthographic":false}