{"cameraMode":{"drawMode":0,"name":"Shaded","section":"Shading Mode"},"sceneLighting":true,"audioPlay":false,"sceneViewState":{"showFog":true,"showMaterialUpdate":false,"showSkybox":true,"showFlares":true,"showImageEffects":true,"showParticleSystems":true},"in2DMode":false,"pivot":{"x":-6.472623825073242,"y":34.34640884399414,"z":-41.579647064208987},"rotation":{"x":0.1447984129190445,"y":0.06969659775495529,"z":-0.010225237347185612,"w":0.9869505167007446},"size":9.713014602661133,"orthographic":false}