{"cameraMode":{"drawMode":0,"name":"Shaded","section":"Shading Mode"},"sceneLighting":false,"audioPlay":false,"sceneViewState":{"showFog":true,"showMaterialUpdate":false,"showSkybox":true,"showFlares":true,"showImageEffects":true,"showParticleSystems":true},"in2DMode":false,"pivot":{"x":5.151491165161133,"y":4.455959796905518,"z":12.210299491882325},"rotation":{"x":0.030982322990894319,"y":-0.9666552543640137,"z":0.1420118659734726,"w":0.21083253622055055},"size":8.965489387512207,"orthographic":false}