{"cameraMode":{"drawMode":0,"name":"Shaded","section":"Shading Mode"},"sceneLighting":true,"audioPlay":false,"sceneViewState":{"showFog":true,"showMaterialUpdate":true,"showSkybox":true,"showFlares":true,"showImageEffects":true,"showParticleSystems":true},"in2DMode":false,"pivot":{"x":1.7969322204589844,"y":5.373732089996338,"z":0.9220523834228516},"rotation":{"x":0.11652182787656784,"y":-0.09371645748615265,"z":0.011044648475944996,"w":0.9886950850486755},"size":25.5527400970459,"orthographic":false}